{
  "project_info": {
    "project_number": "542141501178",
    "project_id": "basededatos-bb383",
    "storage_bucket": "basededatos-bb383.appspot.com"
  },
  "client": [
    {
      "client_info": {
        "mobilesdk_app_id": "1:542141501178:android:ede14ffef2199078984343",
        "android_client_info": {
          "package_name": "com.example.basededatos"
        }
      },
      "oauth_client": [
        {
          "client_id": "542141501178-2sndl4ms61ocrrbninvrrinn6lqa5ic6.apps.googleusercontent.com",
          "client_type": 1,
          "android_info": {
            "package_name": "com.example.basededatos",
            "certificate_hash": "e68d8075c70d1bf3277660b4a5f85d4943c305c8"
          }
        },
        {
          "client_id": "542141501178-vp5vlods5lbrvn44mf54le4nuegf2hcl.apps.googleusercontent.com",
          "client_type": 3
        }
      ],
      "api_key": [
        {
          "current_key": "AIzaSyDm6f7nUR1_DwdpbxRPQIulhKEs8Vk46cc"
        }
      ],
      "services": {
        "appinvite_service": {
          "other_platform_oauth_client": [
            {
              "client_id": "542141501178-vp5vlods5lbrvn44mf54le4nuegf2hcl.apps.googleusercontent.com",
              "client_type": 3
            }
          ]
        }
      }
    }
  ],
  "configuration_version": "1"
}